feature,importance
points_diff_3yr,0.11599736183324576
win_rate_3yr,0.11104363205750074
coach_overall,0.10346148411762889
o_reb,0.08118672686701463
player_overall_avg,0.08038808918141432
d_pts,0.07886438022042419
o_pts,0.07696849737640207
player_stamina_avg,0.06815424285404997
player_defense_avg,0.05781519061320182
player_offense_avg,0.05637512855604136
lost,0.0496915268882218
d_reb,0.0463539530527336
won,0.04296421849202609
playoff_rate_3yr,0.025209709993947456
confID,0.0055258578961471
