feature,importance
points_diff_3yr,0.09303083616930406
win_rate_3yr,0.09177370140421903
coach_overall,0.08787287787220902
o_pts,0.08376626229649493
d_pts,0.08093861872732515
player_overall_avg,0.08010073152373579
o_reb,0.07982066330155779
player_stamina_avg,0.07435728704245834
player_defense_avg,0.06715429589435101
player_offense_avg,0.06607725339095742
d_reb,0.060568263879022234
won,0.05333351590020294
lost,0.04135867157918237
playoff_rate_3yr,0.029770832890245413
confID,0.010076188128734575
