model_predictions,best_model
"{'SVM': {'validation_accuracy': 71.42857142857143, 'test_accuracy': 62.5, 'predictions': [7, 5, 11, 4, 17, 8, 16, 15], 'prediction_probabilities': {0: 0.5058518211222436, 2: 0.5, 4: 0.5875615573277166, 5: 0.7049051066866997, 7: 0.7224990116807385, 8: 0.608538666280345, 10: 0.512970937770937, 11: 0.5909043561441728, 13: 0.5083703290684202, 15: 0.5598417760811089, 16: 0.5840308288269684, 17: 0.6430520346593059, 19: 0.5400539447429201}}, 'Random Forest': {'validation_accuracy': 92.85714285714286, 'test_accuracy': 75.0, 'predictions': [7, 5, 4, 11, 17, 8, 16, 13], 'prediction_probabilities': {0: 0.4308333333333333, 2: 0.36726190476190473, 4: 0.645, 5: 0.72, 7: 0.79, 8: 0.6308333333333334, 10: 0.30726190476190474, 11: 0.5522619047619047, 13: 0.43, 15: 0.39416666666666667, 16: 0.585, 17: 0.7, 19: 0.3708333333333333}}, 'Logistic Regression': {'validation_accuracy': 78.57142857142857, 'test_accuracy': 75.0, 'predictions': [5, 19, 7, 4, 8, 13, 15, 16], 'prediction_probabilities': {0: 0.5756981505142075, 2: 0.3773551569263376, 4: 0.7158912706192759, 5: 0.8835064992528284, 7: 0.7493499555146552, 8: 0.8015771444470116, 10: 0.18981573980755057, 11: 0.5795316115719163, 13: 0.7534060132572897, 15: 0.5709791225956414, 16: 0.4843825275011005, 17: 0.4039327015236183, 19: 0.7550970003046915}}}","{'name': 'Random Forest', 'validation_accuracy': 92.85714285714286, 'test_accuracy': 75.0, 'predictions': [7, 5, 4, 11, 17, 8, 16, 13]}"
