model_predictions,best_model
"{'SVM': {'validation_accuracy': 53.84615384615385, 'predictions': [5, 7, 11, 4, 17, 8, 16, 15], 'prediction_probabilities': {0: 0.43655706517644255, 2: 0.41300527014165045, 4: 0.5528716252001351, 5: 0.7679027430375639, 7: 0.7375843127592321, 8: 0.6507162285450473, 10: 0.5, 11: 0.5733841244553844, 13: 0.5205378875173472, 15: 0.5576202251202085, 16: 0.6237698193506136, 17: 0.6790538558819103, 19: 0.4373364688708127}}, 'Decision Tree': {'validation_accuracy': 61.53846153846154, 'predictions': [2, 5, 11, 7, 10, 17, 8, 15], 'prediction_probabilities': {0: 0.6666666666666666, 2: 1.0, 4: 0.0, 5: 1.0, 7: 0.8666666666666667, 8: 0.6666666666666666, 10: 1.0, 11: 1.0, 13: 0.0, 15: 0.1, 16: 0.0, 17: 0.8666666666666667, 19: 0.6666666666666666}}, 'Random Forest': {'validation_accuracy': 69.23076923076923, 'predictions': [7, 5, 4, 11, 16, 17, 8, 13], 'prediction_probabilities': {0: 0.4, 2: 0.355, 4: 0.67, 5: 0.78, 7: 0.79, 8: 0.59, 10: 0.3425, 11: 0.465, 13: 0.42, 15: 0.3225, 16: 0.64, 17: 0.6191666666666666, 19: 0.28}}, 'Logistic Regression': {'validation_accuracy': 69.23076923076923, 'predictions': [5, 19, 7, 4, 8, 13, 15, 17], 'prediction_probabilities': {0: 0.5481740280719498, 2: 0.45988441723276824, 4: 0.6138636241205733, 5: 0.8603264924063148, 7: 0.7375386182754652, 8: 0.8245821330170925, 10: 0.26443767873165147, 11: 0.5985219310825491, 13: 0.7456923478918752, 15: 0.6396301260309916, 16: 0.48198682956882105, 17: 0.5544553467381671, 19: 0.7555927565543009}}, 'KNN': {'validation_accuracy': 69.23076923076923, 'predictions': [5, 7, 11, 0, 16, 8, 17, 10], 'prediction_probabilities': {0: 0.2857142857142857, 2: 0.2857142857142857, 4: 0.2857142857142857, 5: 0.8571428571428571, 7: 0.8571428571428571, 8: 0.7142857142857143, 10: 0.42857142857142855, 11: 0.5714285714285714, 13: 0.42857142857142855, 15: 0.42857142857142855, 16: 0.8571428571428571, 17: 0.7142857142857143, 19: 0.14285714285714285}}}","{'name': 'Random Forest', 'validation_accuracy': 69.23076923076923, 'predictions': [7, 5, 4, 11, 16, 17, 8, 13]}"
