model,team_id,predicted_playoffs
Random Forest,0,0.7674977850904948
Random Forest,2,0.7533223642576888
Random Forest,4,0.7300341728895077
Random Forest,7,0.7107961017592709
Random Forest,8,0.6024553853942539
Random Forest,10,0.574104543728642
Random Forest,11,0.6520693583090749
Random Forest,13,0.4414631059359575
Random Forest,16,0.7442095937223137
Random Forest,17,0.7178838121756739
Random Forest,20,0.7300341728895077
Random Forest,19,0.5761296038476141
